<entities >
  <entity name="goj_governmentorganisation" displayname="Government Organisation" etc="10485" primaryidfield="goj_governmentorganisationid" primarynamefield="goj_name" disableplugins="false">
    <fields>
      <field displayname="Created By" name="createdby" type="entityreference" lookupType="systemuser" />
      <field displayname="Created By (Delegate)" name="createdonbehalfby" type="entityreference" lookupType="systemuser" />
      <field displayname="Created On" name="createdon" type="datetime" />
      <field displayname="Date Deactivated" name="goj_datedeactivated" type="datetime" customfield="true" />
      <field displayname="Email Address" name="goj_emailaddress" type="string" customfield="true" />
      <field displayname="Government Organisation" name="goj_governmentorganisationid" type="guid" primaryKey="true" />
      <field displayname="Government Organisation Type" name="goj_governmentorganisationtypeid" type="entityreference" lookupType="goj_governmentorganisationtype" customfield="true" />
      <field displayname="Government Organisation Type - Obsolete" name="goj_governmentorganisationtype" type="optionsetvalue" customfield="true" />
      <field displayname="Import Sequence Number" name="importsequencenumber" type="number" />
      <field displayname="Modified By" name="modifiedby" type="entityreference" lookupType="systemuser" />
      <field displayname="Modified By (Delegate)" name="modifiedonbehalfby" type="entityreference" lookupType="systemuser" />
      <field displayname="Modified On" name="modifiedon" type="datetime" />
      <field displayname="Name" name="goj_name" type="string" customfield="true" />
      <field displayname="Owning Business Unit" name="owningbusinessunit" type="entityreference" lookupType="businessunit" />
      <field displayname="Owning Team" name="owningteam" type="entityreference" lookupType="team" />
      <field displayname="Owning User" name="owninguser" type="entityreference" lookupType="systemuser" />
      <field displayname="Receive - Obsolete" name="goj_receive" type="optionsetvaluecollection" customfield="true" />
      <field displayname="Record Created On" name="overriddencreatedon" type="datetime" />
      <field displayname="Send Type - Obsolete" name="goj_sendtype" type="optionsetvalue" customfield="true" />
      <field displayname="Status" name="statecode" type="state" />
      <field displayname="Status Reason" name="statuscode" type="status" />
      <field displayname="Time Zone Rule Version Number" name="timezoneruleversionnumber" type="number" />
      <field displayname="UTC Conversion Time Zone Code" name="utcconversiontimezonecode" type="number" />
      <field displayname="Version Number" name="versionnumber" type="bigint" />
    </fields>
  </entity>
</entities>