<entities >
  <entity name="goj_country" displayname="Country" etc="10454" primaryidfield="goj_countryid" primarynamefield="goj_englishshortname" disableplugins="false">
    <fields>
      <field displayname="Alpha-2 code" name="goj_alpha2code" type="string" customfield="true" />
      <field displayname="Alpha-3 code" name="goj_alpha3code" type="string" customfield="true" />
      <field displayname="Country" name="goj_countryid" type="guid" primaryKey="true" />
      <field displayname="Created By" name="createdby" type="entityreference" lookupType="systemuser" />
      <field displayname="Created By (Delegate)" name="createdonbehalfby" type="entityreference" lookupType="systemuser" />
      <field displayname="Created On" name="createdon" type="datetime" />
      <field displayname="English short name" name="goj_englishshortname" type="string" customfield="true" />
      <field displayname="French short name" name="goj_frenchshortname" type="string" customfield="true" />
      <field displayname="Import Sequence Number" name="importsequencenumber" type="number" />
      <field displayname="Mobile Code" name="goj_mobilecode" type="string" customfield="true" />
      <field displayname="Modified By" name="modifiedby" type="entityreference" lookupType="systemuser" />
      <field displayname="Modified By (Delegate)" name="modifiedonbehalfby" type="entityreference" lookupType="systemuser" />
      <field displayname="Modified On" name="modifiedon" type="datetime" />
      <field displayname="Numeric" name="goj_numeric" type="string" customfield="true" />
      <field displayname="Owner" name="ownerid" type="owner" />
      <field displayname="Owning Business Unit" name="owningbusinessunit" type="entityreference" lookupType="businessunit" />
      <field displayname="Owning Team" name="owningteam" type="entityreference" lookupType="team" />
      <field displayname="Owning User" name="owninguser" type="entityreference" lookupType="systemuser" />
      <field displayname="Record Created On" name="overriddencreatedon" type="datetime" />
      <field displayname="Status" name="statecode" type="state" />
      <field displayname="Status Reason" name="statuscode" type="status" />
      <field displayname="Time Zone Rule Version Number" name="timezoneruleversionnumber" type="number" />
      <field displayname="UTC Conversion Time Zone Code" name="utcconversiontimezonecode" type="number" />
      <field displayname="Version Number" name="versionnumber" type="bigint" />
    </fields>
    <relationships />
    <filter> &lt;filter type="and"&gt;
      &lt;condition attribute="statecode" operator="eq" value="0" /&gt;
    &lt;/filter&gt;</filter>
  </entity>
</entities>