<entities >
  <entity name="goj_notificationtemplate" displayname="Notification Template" etc="10450" primaryidfield="goj_notificationtemplateid" primarynamefield="goj_name" disableplugins="false">
    <fields>
      <field displayname="Body Template" name="goj_bodytemplate" type="string" customfield="true" />
      <field displayname="Created By" name="createdby" type="entityreference" lookupType="systemuser" />
      <field displayname="Created By (Delegate)" name="createdonbehalfby" type="entityreference" lookupType="systemuser" />
      <field displayname="Created On" name="createdon" type="datetime" />
      <field displayname="Import Sequence Number" name="importsequencenumber" type="number" />
      <field displayname="Modified By" name="modifiedby" type="entityreference" lookupType="systemuser" />
      <field displayname="Modified By (Delegate)" name="modifiedonbehalfby" type="entityreference" lookupType="systemuser" />
      <field displayname="Modified On" name="modifiedon" type="datetime" />
      <field displayname="Notification Channel" name="goj_notificationchannel" type="optionsetvalue" customfield="true" />
      <field displayname="Notification Language" name="goj_notificationlanguage" type="optionsetvalue" customfield="true" />
      <field displayname="Notification Template" name="goj_notificationtemplateid" type="guid" primaryKey="true" />
      <field displayname="Notification Types" name="goj_notificationtypes" type="entityreference" lookupType="goj_notificationtype" customfield="true" />
      <field displayname="Owner" name="ownerid" type="owner" />
      <field displayname="Owning Business Unit" name="owningbusinessunit" type="entityreference" lookupType="businessunit" />
      <field displayname="Owning Team" name="owningteam" type="entityreference" lookupType="team" />
      <field displayname="Owning User" name="owninguser" type="entityreference" lookupType="systemuser" />
      <field displayname="Record Created On" name="overriddencreatedon" type="datetime" />
      <field displayname="Status" name="statecode" type="state" />
      <field displayname="Status Reason" name="statuscode" type="status" />
      <field displayname="Subject" name="goj_subject" type="string" customfield="true" />
      <field displayname="Template Name" name="goj_name" type="string" customfield="true" />
      <field displayname="Time Zone Rule Version Number" name="timezoneruleversionnumber" type="number" />
      <field displayname="UTC Conversion Time Zone Code" name="utcconversiontimezonecode" type="number" />
      <field displayname="Version Number" name="versionnumber" type="bigint" />
    </fields>
    <relationships />
    <filter> &lt;filter type="and"&gt;
      &lt;condition attribute="statecode" operator="eq" value="0" /&gt;
    &lt;/filter&gt;
</filter>
  </entity>
</entities>