<entities >
  <entity name="goj_patient" displayname="Patient" etc="10155" primaryidfield="goj_patientid" primarynamefield="goj_name" disableplugins="false">
    <fields>
      <field displayname="Address" name="goj_address" type="string" customfield="true" />
      <field displayname="Created By" name="createdby" type="entityreference" lookupType="systemuser" />
      <field displayname="Created By (Delegate)" name="createdonbehalfby" type="entityreference" lookupType="systemuser" />
      <field displayname="Created On" name="createdon" type="datetime" />
      <field displayname="DOB" name="goj_dob" type="datetime" customfield="true" />
      <field displayname="Email" name="goj_email" type="string" customfield="true" />
      <field displayname="Has Advocacy Needs?" name="goj_hasadvocacyneeds" type="bool" customfield="true" />
      <field displayname="Has Transport Needs?" name="goj_hastransportneeds" type="bool" customfield="true" />
      <field displayname="Home Tel" name="goj_hometel" type="string" customfield="true" />
      <field displayname="Import Sequence Number" name="importsequencenumber" type="number" />
      <field displayname="Is Dispensing?" name="goj_isdispensing" type="bool" customfield="true" />
      <field displayname="Language" name="goj_language" type="optionsetvalue" customfield="true" />
      <field displayname="Mobile Tel" name="goj_mobiletel" type="string" customfield="true" />
      <field displayname="Modified By" name="modifiedby" type="entityreference" lookupType="systemuser" />
      <field displayname="Modified By (Delegate)" name="modifiedonbehalfby" type="entityreference" lookupType="systemuser" />
      <field displayname="Modified On" name="modifiedon" type="datetime" />
      <field displayname="Name" name="goj_name" type="string" customfield="true" />
      <field displayname="Owner" name="ownerid" type="owner" />
      <field displayname="Owning Business Unit" name="owningbusinessunit" type="entityreference" lookupType="businessunit" />
      <field displayname="Owning Team" name="owningteam" type="entityreference" lookupType="team" />
      <field displayname="Owning User" name="owninguser" type="entityreference" lookupType="systemuser" />
      <field displayname="Patient" name="goj_patientid" type="guid" primaryKey="true" />
      <field displayname="Patient Type" name="goj_patienttype" type="optionsetvalue" customfield="true" />
      <field displayname="Record Created On" name="overriddencreatedon" type="datetime" />
      <field displayname="Registered On" name="goj_registeredon" type="datetime" customfield="true" />
      <field displayname="SSD Number" name="goj_ssdnumber" type="string" customfield="true" />
      <field displayname="Status" name="statecode" type="state" />
      <field displayname="Status Reason" name="statuscode" type="status" />
      <field displayname="Time Zone Rule Version Number" name="timezoneruleversionnumber" type="number" />
      <field displayname="Title" name="goj_title" type="string" customfield="true" />
      <field displayname="Usual GP" name="goj_usualgp" type="string" customfield="true" />
      <field displayname="UTC Conversion Time Zone Code" name="utcconversiontimezonecode" type="number" />
      <field displayname="Version Number" name="versionnumber" type="bigint" />
      <field displayname="Work Tel" name="goj_worktel" type="string" customfield="true" />
    </fields>
    <relationships />
    <filter> &lt;filter type="and"&gt;
      &lt;condition attribute="statecode" operator="eq" value="0" /&gt;
    &lt;/filter&gt;</filter>
  </entity>
</entities>