<entities >
  <entity name="goj_allergy" displayname="Allergy" etc="10462" primaryidfield="goj_allergyid" primarynamefield="goj_description" disableplugins="false">
    <fields>
      <field displayname="Allergy" name="goj_allergyid" type="guid" primaryKey="true" />
      <field displayname="Comment" name="goj_comment" type="string" customfield="true" />
      <field displayname="Created By" name="createdby" type="entityreference" lookupType="systemuser" />
      <field displayname="Created By (Delegate)" name="createdonbehalfby" type="entityreference" lookupType="systemuser" />
      <field displayname="Created On" name="createdon" type="datetime" />
      <field displayname="Description" name="goj_description" type="string" customfield="true" />
      <field displayname="Discovered On" name="goj_discoveredon" type="datetime" customfield="true" />
      <field displayname="Import Sequence Number" name="importsequencenumber" type="number" />
      <field displayname="Modified By" name="modifiedby" type="entityreference" lookupType="systemuser" />
      <field displayname="Modified By (Delegate)" name="modifiedonbehalfby" type="entityreference" lookupType="systemuser" />
      <field displayname="Modified On" name="modifiedon" type="datetime" />
      <field displayname="Owner" name="ownerid" type="owner" />
      <field displayname="Owning Business Unit" name="owningbusinessunit" type="entityreference" lookupType="businessunit" />
      <field displayname="Owning Team" name="owningteam" type="entityreference" lookupType="team" />
      <field displayname="Owning User" name="owninguser" type="entityreference" lookupType="systemuser" />
      <field displayname="Patient" name="goj_patientid" type="entityreference" lookupType="goj_patient" customfield="true" />
      <field displayname="Record Created On" name="overriddencreatedon" type="datetime" />
      <field displayname="Status" name="statecode" type="state" />
      <field displayname="Status Reason" name="statuscode" type="status" />
      <field displayname="Time Zone Rule Version Number" name="timezoneruleversionnumber" type="number" />
      <field displayname="UTC Conversion Time Zone Code" name="utcconversiontimezonecode" type="number" />
      <field displayname="Version Number" name="versionnumber" type="bigint" />
    </fields>
    <relationships />
    <filter> &lt;filter type="and"&gt;
      &lt;condition attribute="statecode" operator="eq" value="0" /&gt;
    &lt;/filter&gt;</filter>
  </entity>
  <entity name="goj_consultation" displayname="Consultation" etc="10235" primaryidfield="goj_consultationid" primarynamefield="goj_consultant" disableplugins="false">
    <fields>
      <field displayname="Additional" name="goj_additional" type="string" customfield="true" />
      <field displayname="Allergy" name="goj_allergy" type="string" customfield="true" />
      <field displayname="Comment" name="goj_comment" type="string" customfield="true" />
      <field displayname="Consultant" name="goj_consultant" type="string" customfield="true" />
      <field displayname="Consultation" name="goj_consultationid" type="guid" primaryKey="true" />
      <field displayname="Consulted On" name="goj_consultedon" type="datetime" customfield="true" />
      <field displayname="Created By" name="createdby" type="entityreference" lookupType="systemuser" />
      <field displayname="Created By (Delegate)" name="createdonbehalfby" type="entityreference" lookupType="systemuser" />
      <field displayname="Created On" name="createdon" type="datetime" />
      <field displayname="Examination" name="goj_examination" type="string" customfield="true" />
      <field displayname="History" name="goj_history" type="string" customfield="true" />
      <field displayname="Import Sequence Number" name="importsequencenumber" type="number" />
      <field displayname="Medication" name="goj_medication" type="string" customfield="true" />
      <field displayname="Modified By" name="modifiedby" type="entityreference" lookupType="systemuser" />
      <field displayname="Modified By (Delegate)" name="modifiedonbehalfby" type="entityreference" lookupType="systemuser" />
      <field displayname="Modified On" name="modifiedon" type="datetime" />
      <field displayname="Owner" name="ownerid" type="owner" />
      <field displayname="Owning Business Unit" name="owningbusinessunit" type="entityreference" lookupType="businessunit" />
      <field displayname="Owning Team" name="owningteam" type="entityreference" lookupType="team" />
      <field displayname="Owning User" name="owninguser" type="entityreference" lookupType="systemuser" />
      <field displayname="Patient" name="goj_patientid" type="entityreference" lookupType="goj_patient" customfield="true" />
      <field displayname="Problem" name="goj_problem" type="string" customfield="true" />
      <field displayname="Record Created On" name="overriddencreatedon" type="datetime" />
      <field displayname="Referral" name="goj_referral" type="string" customfield="true" />
      <field displayname="Result" name="goj_result" type="string" customfield="true" />
      <field displayname="Social" name="goj_social" type="string" customfield="true" />
      <field displayname="Status" name="statecode" type="state" />
      <field displayname="Status Reason" name="statuscode" type="status" />
      <field displayname="Test Request" name="goj_testrequest" type="string" customfield="true" />
      <field displayname="Time Zone Rule Version Number" name="timezoneruleversionnumber" type="number" />
      <field displayname="UTC Conversion Time Zone Code" name="utcconversiontimezonecode" type="number" />
      <field displayname="Version Number" name="versionnumber" type="bigint" />
    </fields>
    <relationships />
    <filter> &lt;filter type="and"&gt;
      &lt;condition attribute="statecode" operator="eq" value="0" /&gt;
    &lt;/filter&gt;</filter>
  </entity>
  <entity name="goj_healthstatus" displayname="Health Status" etc="10441" primaryidfield="goj_healthstatusid" primarynamefield="goj_description" disableplugins="false">
    <fields>
      <field displayname="Created By" name="createdby" type="entityreference" lookupType="systemuser" />
      <field displayname="Created By (Delegate)" name="createdonbehalfby" type="entityreference" lookupType="systemuser" />
      <field displayname="Created On" name="createdon" type="datetime" />
      <field displayname="Description" name="goj_description" type="string" customfield="true" />
      <field displayname="Health Status" name="goj_healthstatusid" type="guid" primaryKey="true" />
      <field displayname="Import Sequence Number" name="importsequencenumber" type="number" />
      <field displayname="Modified By" name="modifiedby" type="entityreference" lookupType="systemuser" />
      <field displayname="Modified By (Delegate)" name="modifiedonbehalfby" type="entityreference" lookupType="systemuser" />
      <field displayname="Modified On" name="modifiedon" type="datetime" />
      <field displayname="Owner" name="ownerid" type="owner" />
      <field displayname="Owning Business Unit" name="owningbusinessunit" type="entityreference" lookupType="businessunit" />
      <field displayname="Owning Team" name="owningteam" type="entityreference" lookupType="team" />
      <field displayname="Owning User" name="owninguser" type="entityreference" lookupType="systemuser" />
      <field displayname="Patient" name="goj_patientid" type="entityreference" lookupType="goj_patient" customfield="true" />
      <field displayname="Read On" name="goj_readon" type="datetime" customfield="true" />
      <field displayname="Reading" name="goj_reading" type="string" customfield="true" />
      <field displayname="Record Created On" name="overriddencreatedon" type="datetime" />
      <field displayname="Status" name="statecode" type="state" />
      <field displayname="Status Reason" name="statuscode" type="status" />
      <field displayname="Time Zone Rule Version Number" name="timezoneruleversionnumber" type="number" />
      <field displayname="Unit" name="goj_unit" type="string" customfield="true" />
      <field displayname="UTC Conversion Time Zone Code" name="utcconversiontimezonecode" type="number" />
      <field displayname="Version Number" name="versionnumber" type="bigint" />
    </fields>
    <relationships />
    <filter> &lt;filter type="and"&gt;
      &lt;condition attribute="statecode" operator="eq" value="0" /&gt;
    &lt;/filter&gt;</filter>
  </entity>
  <entity name="goj_immunisation" displayname="Immunisation" etc="10463" primaryidfield="goj_immunisationid" primarynamefield="goj_description" disableplugins="false">
    <fields>
      <field displayname="Administered On" name="goj_administeredon" type="datetime" customfield="true" />
      <field displayname="Comment" name="goj_comment" type="string" customfield="true" />
      <field displayname="Created By" name="createdby" type="entityreference" lookupType="systemuser" />
      <field displayname="Created By (Delegate)" name="createdonbehalfby" type="entityreference" lookupType="systemuser" />
      <field displayname="Created On" name="createdon" type="datetime" />
      <field displayname="Description" name="goj_description" type="string" customfield="true" />
      <field displayname="Immunisation" name="goj_immunisationid" type="guid" primaryKey="true" />
      <field displayname="Import Sequence Number" name="importsequencenumber" type="number" />
      <field displayname="Modified By" name="modifiedby" type="entityreference" lookupType="systemuser" />
      <field displayname="Modified By (Delegate)" name="modifiedonbehalfby" type="entityreference" lookupType="systemuser" />
      <field displayname="Modified On" name="modifiedon" type="datetime" />
      <field displayname="Owner" name="ownerid" type="owner" />
      <field displayname="Owning Business Unit" name="owningbusinessunit" type="entityreference" lookupType="businessunit" />
      <field displayname="Owning Team" name="owningteam" type="entityreference" lookupType="team" />
      <field displayname="Owning User" name="owninguser" type="entityreference" lookupType="systemuser" />
      <field displayname="Patient" name="goj_patientid" type="entityreference" lookupType="goj_patient" customfield="true" />
      <field displayname="Record Created On" name="overriddencreatedon" type="datetime" />
      <field displayname="Status" name="statecode" type="state" />
      <field displayname="Status Reason" name="statuscode" type="status" />
      <field displayname="Time Zone Rule Version Number" name="timezoneruleversionnumber" type="number" />
      <field displayname="UTC Conversion Time Zone Code" name="utcconversiontimezonecode" type="number" />
      <field displayname="Version Number" name="versionnumber" type="bigint" />
    </fields>
    <relationships />
    <filter> &lt;filter type="and"&gt;
      &lt;condition attribute="statecode" operator="eq" value="0" /&gt;
    &lt;/filter&gt;</filter>
  </entity>
  <entity name="goj_medication" displayname="Medication" etc="10461" primaryidfield="goj_medicationid" primarynamefield="goj_medication" disableplugins="false">
    <fields>
      <field displayname="Created By" name="createdby" type="entityreference" lookupType="systemuser" />
      <field displayname="Created By (Delegate)" name="createdonbehalfby" type="entityreference" lookupType="systemuser" />
      <field displayname="Created On" name="createdon" type="datetime" />
      <field displayname="Dose" name="goj_dose" type="string" customfield="true" />
      <field displayname="Import Sequence Number" name="importsequencenumber" type="number" />
      <field displayname="Medication" name="goj_medicationid" type="guid" primaryKey="true" />
      <field displayname="Medication" name="goj_medication" type="string" customfield="true" />
      <field displayname="Medication Type" name="goj_medicationtype" type="optionsetvalue" customfield="true" />
      <field displayname="Modified By" name="modifiedby" type="entityreference" lookupType="systemuser" />
      <field displayname="Modified By (Delegate)" name="modifiedonbehalfby" type="entityreference" lookupType="systemuser" />
      <field displayname="Modified On" name="modifiedon" type="datetime" />
      <field displayname="Owner" name="ownerid" type="owner" />
      <field displayname="Owning Business Unit" name="owningbusinessunit" type="entityreference" lookupType="businessunit" />
      <field displayname="Owning Team" name="owningteam" type="entityreference" lookupType="team" />
      <field displayname="Owning User" name="owninguser" type="entityreference" lookupType="systemuser" />
      <field displayname="Patient" name="goj_patientid" type="entityreference" lookupType="goj_patient" customfield="true" />
      <field displayname="PrescribedOn" name="goj_prescribedon" type="datetime" customfield="true" />
      <field displayname="Qty" name="goj_qty" type="string" customfield="true" />
      <field displayname="Record Created On" name="overriddencreatedon" type="datetime" />
      <field displayname="Status" name="statecode" type="state" />
      <field displayname="Status Reason" name="statuscode" type="status" />
      <field displayname="Time Zone Rule Version Number" name="timezoneruleversionnumber" type="number" />
      <field displayname="UTC Conversion Time Zone Code" name="utcconversiontimezonecode" type="number" />
      <field displayname="Version Number" name="versionnumber" type="bigint" />
    </fields>
    <relationships />
    <filter> &lt;filter type="and"&gt;
      &lt;condition attribute="statecode" operator="eq" value="0" /&gt;
    &lt;/filter&gt;</filter>
  </entity>
  <entity name="goj_plannedevent" displayname="Planned Event" etc="10245" primaryidfield="goj_plannedeventid" primarynamefield="goj_description" disableplugins="false">
    <fields>
      <field displayname="Created By" name="createdby" type="entityreference" lookupType="systemuser" />
      <field displayname="Created By (Delegate)" name="createdonbehalfby" type="entityreference" lookupType="systemuser" />
      <field displayname="Created On" name="createdon" type="datetime" />
      <field displayname="Description" name="goj_description" type="string" customfield="true" />
      <field displayname="Event On" name="goj_eventon" type="datetime" customfield="true" />
      <field displayname="Import Sequence Number" name="importsequencenumber" type="number" />
      <field displayname="Modified By" name="modifiedby" type="entityreference" lookupType="systemuser" />
      <field displayname="Modified By (Delegate)" name="modifiedonbehalfby" type="entityreference" lookupType="systemuser" />
      <field displayname="Modified On" name="modifiedon" type="datetime" />
      <field displayname="Owner" name="ownerid" type="owner" />
      <field displayname="Owning Business Unit" name="owningbusinessunit" type="entityreference" lookupType="businessunit" />
      <field displayname="Owning Team" name="owningteam" type="entityreference" lookupType="team" />
      <field displayname="Owning User" name="owninguser" type="entityreference" lookupType="systemuser" />
      <field displayname="Patient" name="goj_patientid" type="entityreference" lookupType="goj_patient" customfield="true" />
      <field displayname="Planned Event" name="goj_plannedeventid" type="guid" primaryKey="true" />
      <field displayname="Record Created On" name="overriddencreatedon" type="datetime" />
      <field displayname="Status" name="statecode" type="state" />
      <field displayname="Status Reason" name="statuscode" type="status" />
      <field displayname="Time Zone Rule Version Number" name="timezoneruleversionnumber" type="number" />
      <field displayname="UTC Conversion Time Zone Code" name="utcconversiontimezonecode" type="number" />
      <field displayname="Version Number" name="versionnumber" type="bigint" />
    </fields>
    <relationships />
    <filter> &lt;filter type="and"&gt;
      &lt;condition attribute="statecode" operator="eq" value="0" /&gt;
    &lt;/filter&gt;</filter>
  </entity>
  <entity name="goj_problem" displayname="Problem" etc="10456" primaryidfield="goj_problemid" primarynamefield="goj_description" disableplugins="false">
    <fields>
      <field displayname="Comment" name="goj_comment" type="string" customfield="true" />
      <field displayname="Created By" name="createdby" type="entityreference" lookupType="systemuser" />
      <field displayname="Created By (Delegate)" name="createdonbehalfby" type="entityreference" lookupType="systemuser" />
      <field displayname="Created On" name="createdon" type="datetime" />
      <field displayname="Description" name="goj_description" type="string" customfield="true" />
      <field displayname="Ended On" name="goj_endedon" type="datetime" customfield="true" />
      <field displayname="Identified On" name="goj_identifiedon" type="datetime" customfield="true" />
      <field displayname="Import Sequence Number" name="importsequencenumber" type="number" />
      <field displayname="Modified By" name="modifiedby" type="entityreference" lookupType="systemuser" />
      <field displayname="Modified By (Delegate)" name="modifiedonbehalfby" type="entityreference" lookupType="systemuser" />
      <field displayname="Modified On" name="modifiedon" type="datetime" />
      <field displayname="Owner" name="ownerid" type="owner" />
      <field displayname="Owning Business Unit" name="owningbusinessunit" type="entityreference" lookupType="businessunit" />
      <field displayname="Owning Team" name="owningteam" type="entityreference" lookupType="team" />
      <field displayname="Owning User" name="owninguser" type="entityreference" lookupType="systemuser" />
      <field displayname="Patient" name="goj_patientid" type="entityreference" lookupType="goj_patient" customfield="true" />
      <field displayname="Problem" name="goj_problemid" type="guid" primaryKey="true" />
      <field displayname="Problem Type" name="goj_problemtype" type="optionsetvalue" customfield="true" />
      <field displayname="Record Created On" name="overriddencreatedon" type="datetime" />
      <field displayname="Status" name="statecode" type="state" />
      <field displayname="Status Reason" name="statuscode" type="status" />
      <field displayname="Time Zone Rule Version Number" name="timezoneruleversionnumber" type="number" />
      <field displayname="UTC Conversion Time Zone Code" name="utcconversiontimezonecode" type="number" />
      <field displayname="Version Number" name="versionnumber" type="bigint" />
    </fields>
    <relationships />
    <filter> &lt;filter type="and"&gt;
      &lt;condition attribute="statecode" operator="eq" value="0" /&gt;
    &lt;/filter&gt;</filter>
  </entity>
  <entity name="goj_referral" displayname="Referral" etc="10442" primaryidfield="goj_referralid" primarynamefield="goj_clinician" disableplugins="false">
    <fields>
      <field displayname="Clinician" name="goj_clinician" type="string" customfield="true" />
      <field displayname="Created By" name="createdby" type="entityreference" lookupType="systemuser" />
      <field displayname="Created By (Delegate)" name="createdonbehalfby" type="entityreference" lookupType="systemuser" />
      <field displayname="Created On" name="createdon" type="datetime" />
      <field displayname="Detail" name="goj_detail" type="string" customfield="true" />
      <field displayname="Import Sequence Number" name="importsequencenumber" type="number" />
      <field displayname="Modified By" name="modifiedby" type="entityreference" lookupType="systemuser" />
      <field displayname="Modified By (Delegate)" name="modifiedonbehalfby" type="entityreference" lookupType="systemuser" />
      <field displayname="Modified On" name="modifiedon" type="datetime" />
      <field displayname="Owner" name="ownerid" type="owner" />
      <field displayname="Owning Business Unit" name="owningbusinessunit" type="entityreference" lookupType="businessunit" />
      <field displayname="Owning Team" name="owningteam" type="entityreference" lookupType="team" />
      <field displayname="Owning User" name="owninguser" type="entityreference" lookupType="systemuser" />
      <field displayname="Patient" name="goj_patientid" type="entityreference" lookupType="goj_patient" customfield="true" />
      <field displayname="Record Created On" name="overriddencreatedon" type="datetime" />
      <field displayname="Referral" name="goj_referralid" type="guid" primaryKey="true" />
      <field displayname="Referral Status" name="goj_referralstatus" type="optionsetvalue" customfield="true" />
      <field displayname="Referred On" name="goj_referredon" type="datetime" customfield="true" />
      <field displayname="Status" name="statecode" type="state" />
      <field displayname="Status Reason" name="statuscode" type="status" />
      <field displayname="Term" name="goj_term" type="string" customfield="true" />
      <field displayname="Time Zone Rule Version Number" name="timezoneruleversionnumber" type="number" />
      <field displayname="UTC Conversion Time Zone Code" name="utcconversiontimezonecode" type="number" />
      <field displayname="Version Number" name="versionnumber" type="bigint" />
    </fields>
    <relationships />
    <filter> &lt;filter type="and"&gt;
      &lt;condition attribute="statecode" operator="eq" value="0" /&gt;
    &lt;/filter&gt;</filter>
  </entity>
  <entity name="goj_valueinvestigation" displayname="ValueInvestigation" etc="10455" primaryidfield="goj_valueinvestigationid" primarynamefield="goj_description" disableplugins="false">
    <fields>
      <field displayname="Created By" name="createdby" type="entityreference" lookupType="systemuser" />
      <field displayname="Created By (Delegate)" name="createdonbehalfby" type="entityreference" lookupType="systemuser" />
      <field displayname="Created On" name="createdon" type="datetime" />
      <field displayname="Description" name="goj_description" type="string" customfield="true" />
      <field displayname="Import Sequence Number" name="importsequencenumber" type="number" />
      <field displayname="Investigated On" name="goj_investigatedon" type="datetime" customfield="true" />
      <field displayname="Measure" name="goj_measure" type="string" customfield="true" />
      <field displayname="Modified By" name="modifiedby" type="entityreference" lookupType="systemuser" />
      <field displayname="Modified By (Delegate)" name="modifiedonbehalfby" type="entityreference" lookupType="systemuser" />
      <field displayname="Modified On" name="modifiedon" type="datetime" />
      <field displayname="Owner" name="ownerid" type="owner" />
      <field displayname="Owning Business Unit" name="owningbusinessunit" type="entityreference" lookupType="businessunit" />
      <field displayname="Owning Team" name="owningteam" type="entityreference" lookupType="team" />
      <field displayname="Owning User" name="owninguser" type="entityreference" lookupType="systemuser" />
      <field displayname="Patient" name="goj_patientid" type="entityreference" lookupType="goj_patient" customfield="true" />
      <field displayname="Record Created On" name="overriddencreatedon" type="datetime" />
      <field displayname="Result" name="goj_result" type="string" customfield="true" />
      <field displayname="Status" name="statecode" type="state" />
      <field displayname="Status Reason" name="statuscode" type="status" />
      <field displayname="Time Zone Rule Version Number" name="timezoneruleversionnumber" type="number" />
      <field displayname="Unit" name="goj_unit" type="string" customfield="true" />
      <field displayname="UTC Conversion Time Zone Code" name="utcconversiontimezonecode" type="number" />
      <field displayname="ValueInvestigation" name="goj_valueinvestigationid" type="guid" primaryKey="true" />
      <field displayname="Version Number" name="versionnumber" type="bigint" />
    </fields>
    <relationships />
    <filter> &lt;filter type="and"&gt;
      &lt;condition attribute="statecode" operator="eq" value="0" /&gt;
    &lt;/filter&gt;</filter>
  </entity>
</entities>